clause_text,label
This document takes effect upon signing.,Commencement
All disputes shall be resolved through arbitration.,Dispute Resolution
Late payments will incur a 3% interest.,Interest Rates
No party shall leak confidential terms.,Confidentiality
All disputes shall be resolved through arbitration.,Dispute Resolution
This shall be construed under California laws.,Governing Law
Contract expires at the end of term unless extended.,Termination
The agreement includes a confidentiality clause.,Confidentiality
Terms require quarterly payments.,Repayment Terms
No party shall leak confidential terms.,Confidentiality
Either side can end the agreement anytime.,Termination
This contract is governed by the laws of India.,Governing Law
The agreement may be terminated by mutual consent.,Termination
Parties must not share proprietary information.,Confidentiality
The obligations start from the date of this agreement.,Commencement
This contract ends if conditions are violated.,Termination
Indian law governs this agreement.,Governing Law
No party shall leak confidential terms.,Confidentiality
All information must be kept confidential.,Confidentiality
All clauses follow the law of England.,Governing Law
All disputes are subject to legal proceedings.,Dispute Resolution
Repayment schedule is fixed and non-negotiable.,Repayment Terms
The recipient shall not disclose any confidential data.,Confidentiality
This shall be construed under California laws.,Governing Law
This contract is governed by the laws of India.,Governing Law
"In case of a dispute, arbitration shall apply.",Dispute Resolution
Parties agree to commence obligations as of today.,Commencement
The services will commence from the 1st of next month.,Commencement
The services will commence from the 1st of next month.,Commencement
Parties must not share proprietary information.,Confidentiality
Termination rights are reserved by the company.,Termination
All disputes are subject to legal proceedings.,Dispute Resolution
Legal jurisdiction is specified as Delhi.,Governing Law
Breach of terms leads to contract termination.,Termination
The parties agree to maintain strict confidentiality.,Confidentiality
The recipient shall not disclose any confidential data.,Confidentiality
The interest rate shall be 5% annually.,Interest Rates
"In case of a dispute, arbitration shall apply.",Dispute Resolution
The laws of the State shall apply.,Governing Law
Variable interest rates apply based on prime rate.,Interest Rates
All dues must be cleared within 60 days.,Repayment Terms
The deal ends after 12 months unless renewed.,Termination
Conflict resolution follows the contract terms.,Dispute Resolution
The laws of the State shall apply.,Governing Law
Termination clause is applicable after one year.,Termination
The agreement is subject to New York laws.,Governing Law
Breach of terms leads to contract termination.,Termination
Litigation is the method for dispute resolution.,Dispute Resolution
Legal jurisdiction is specified as Delhi.,Governing Law
Legal jurisdiction is specified as Delhi.,Governing Law
This document is interpreted under UK law.,Governing Law
This shall be construed under California laws.,Governing Law
The deal ends after 12 months unless renewed.,Termination
All dues must be cleared within 60 days.,Repayment Terms
The borrower agrees to pay the full amount within 30 days.,Repayment Terms
Parties agree to commence obligations as of today.,Commencement
Advance payments are allowed under this clause.,Repayment Terms
Disclosure of confidential information is prohibited.,Confidentiality
Termination is effective upon written notice.,Termination
The agreement is subject to New York laws.,Governing Law
Either side can end the agreement anytime.,Termination
The recipient shall not disclose any confidential data.,Confidentiality
Parties agree to commence obligations as of today.,Commencement
Legal jurisdiction is specified as Delhi.,Governing Law
The interest rate shall be 5% annually.,Interest Rates
The commencement date is the date mentioned herein.,Commencement
Parties agree to commence obligations as of today.,Commencement
No party shall leak confidential terms.,Confidentiality
"In case of a dispute, arbitration shall apply.",Dispute Resolution
Repayment is due on the 15th of every month.,Repayment Terms
Either party can terminate with 30 days notice.,Termination
The borrower must adhere to the payment plan.,Repayment Terms
Repayment schedule is fixed and non-negotiable.,Repayment Terms
The loan shall be repaid in 12 equal parts.,Repayment Terms
Termination rights are reserved by the company.,Termination
Sensitive data should remain undisclosed.,Confidentiality
Resolution will be governed by arbitration rules.,Dispute Resolution
The borrower must adhere to the payment plan.,Repayment Terms
Either side can end the agreement anytime.,Termination
Conflict resolution follows the contract terms.,Dispute Resolution
The obligations start from the date of this agreement.,Commencement
Any issues shall be taken to a mediator.,Dispute Resolution
Contract expires at the end of term unless extended.,Termination
Repayment schedule is fixed and non-negotiable.,Repayment Terms
"In case of a dispute, arbitration shall apply.",Dispute Resolution
Termination is effective upon written notice.,Termination
The contract will begin on the effective date.,Commencement
The contract will begin on the effective date.,Commencement
The start date is defined as the agreement date.,Commencement
Interest shall accrue on unpaid amounts.,Interest Rates
The start date is defined as the agreement date.,Commencement
Disclosure of confidential information is prohibited.,Confidentiality
All dues must be cleared within 60 days.,Repayment Terms
Termination is effective upon written notice.,Termination
Conflict resolution follows the contract terms.,Dispute Resolution
All balances carry a monthly interest of 1%.,Interest Rates
All balances carry a monthly interest of 1%.,Interest Rates
Contract expires at the end of term unless extended.,Termination
Interest shall accrue on unpaid amounts.,Interest Rates
The contract is valid from the execution date.,Commencement
The rate of interest is defined in the annexure.,Interest Rates
Confidentiality must be maintained throughout the term.,Confidentiality
The contract is valid from the execution date.,Commencement
Either party can terminate with 30 days notice.,Termination
The interest rate shall be 5% annually.,Interest Rates
No party shall leak confidential terms.,Confidentiality
The obligations start from the date of this agreement.,Commencement
Repayment schedule is fixed and non-negotiable.,Repayment Terms
Any issues shall be taken to a mediator.,Dispute Resolution
Late payments will incur a 3% interest.,Interest Rates
The services will commence from the 1st of next month.,Commencement
All disagreements must go to arbitration.,Dispute Resolution
Governing law is the jurisdiction of the court.,Governing Law
Breach of terms leads to contract termination.,Termination
Disputes will be settled by mediation.,Dispute Resolution
Advance payments are allowed under this clause.,Repayment Terms
Late payments will incur a 3% interest.,Interest Rates
Payments must be made in monthly installments.,Repayment Terms
The contract abides by US legal standards.,Governing Law
Contract expires at the end of term unless extended.,Termination
All dues must be cleared within 60 days.,Repayment Terms
Indian law governs this agreement.,Governing Law
The deal ends after 12 months unless renewed.,Termination
The borrower agrees to pay the full amount within 30 days.,Repayment Terms
Resolution will be governed by arbitration rules.,Dispute Resolution
The borrower agrees to pay the full amount within 30 days.,Repayment Terms
Indian law governs this agreement.,Governing Law
The borrower agrees to pay the full amount within 30 days.,Repayment Terms
Termination rights are reserved by the company.,Termination
The agreement is subject to New York laws.,Governing Law
Confidential data must not be shared externally.,Confidentiality
Sensitive data should remain undisclosed.,Confidentiality
The borrower must adhere to the payment plan.,Repayment Terms
This agreement shall commence on the date of signing.,Commencement
Variable interest rates apply based on prime rate.,Interest Rates
Interest is calculated daily at 0.05%.,Interest Rates
Disclosure of confidential information is prohibited.,Confidentiality
Litigation is the method for dispute resolution.,Dispute Resolution
Governing law is the jurisdiction of the court.,Governing Law
Parties must not share proprietary information.,Confidentiality
The services will commence from the 1st of next month.,Commencement
Legal jurisdiction is specified as Delhi.,Governing Law
Interest is calculated daily at 0.05%.,Interest Rates
Governing law is the jurisdiction of the court.,Governing Law
Resolution will be governed by arbitration rules.,Dispute Resolution
Breach of terms leads to contract termination.,Termination
Either side can end the agreement anytime.,Termination
Any conflicts arising shall be handled legally.,Dispute Resolution
Interest shall be paid quarterly.,Interest Rates
"In case of a dispute, arbitration shall apply.",Dispute Resolution
Litigation is the method for dispute resolution.,Dispute Resolution
Termination rights are reserved by the company.,Termination
Repayment is due on the 15th of every month.,Repayment Terms
Breach of terms leads to contract termination.,Termination
The commencement date is the date mentioned herein.,Commencement
Terms require quarterly payments.,Repayment Terms
The borrower must adhere to the payment plan.,Repayment Terms
The agreement is subject to New York laws.,Governing Law
All disputes shall be resolved through arbitration.,Dispute Resolution
All information must be kept confidential.,Confidentiality
Breach of terms leads to contract termination.,Termination
Parties must not share proprietary information.,Confidentiality
Repayment is due on the 15th of every month.,Repayment Terms
The agreement includes a confidentiality clause.,Confidentiality
Resolution will be governed by arbitration rules.,Dispute Resolution
Disputes will be settled by mediation.,Dispute Resolution
Termination clause is applicable after one year.,Termination
Interest shall be paid quarterly.,Interest Rates
All clauses follow the law of England.,Governing Law
Variable interest rates apply based on prime rate.,Interest Rates
Repayment schedule is fixed and non-negotiable.,Repayment Terms
The agreement may be terminated by mutual consent.,Termination
The borrower must adhere to the payment plan.,Repayment Terms
The parties agree to maintain strict confidentiality.,Confidentiality
Variable interest rates apply based on prime rate.,Interest Rates
"In case of a dispute, arbitration shall apply.",Dispute Resolution
Contract expires at the end of term unless extended.,Termination
This shall be construed under California laws.,Governing Law
Interest shall be paid quarterly.,Interest Rates
Any conflicts arising shall be handled legally.,Dispute Resolution
Repayment is due on the 15th of every month.,Repayment Terms
All balances carry a monthly interest of 1%.,Interest Rates
The agreement includes a confidentiality clause.,Confidentiality
The borrower agrees to pay the full amount within 30 days.,Repayment Terms
This shall be construed under California laws.,Governing Law
Variable interest rates apply based on prime rate.,Interest Rates
Any conflicts arising shall be handled legally.,Dispute Resolution
Interest shall accrue on unpaid amounts.,Interest Rates
Contract expires at the end of term unless extended.,Termination
The services will commence from the 1st of next month.,Commencement
Parties must not share proprietary information.,Confidentiality
The contract abides by US legal standards.,Governing Law
All clauses follow the law of England.,Governing Law
Sensitive data should remain undisclosed.,Confidentiality
Payments must be made in monthly installments.,Repayment Terms
The agreement is subject to New York laws.,Governing Law
The agreement includes a confidentiality clause.,Confidentiality
Interest is calculated daily at 0.05%.,Interest Rates
Interest shall accrue on unpaid amounts.,Interest Rates
Conflict resolution follows the contract terms.,Dispute Resolution
Termination rights are reserved by the company.,Termination
Termination clause is applicable after one year.,Termination
The commencement date is the date mentioned herein.,Commencement
The rate of interest is defined in the annexure.,Interest Rates
This agreement becomes effective immediately upon execution.,Commencement
The services will commence from the 1st of next month.,Commencement
The agreement is subject to New York laws.,Governing Law
The laws of the State shall apply.,Governing Law
Advance payments are allowed under this clause.,Repayment Terms
The agreement is subject to New York laws.,Governing Law
All balances carry a monthly interest of 1%.,Interest Rates
All dues must be cleared within 60 days.,Repayment Terms
Indian law governs this agreement.,Governing Law
Penalty interest applies after due date.,Interest Rates
Parties must not share proprietary information.,Confidentiality
Late payments will incur a 3% interest.,Interest Rates
Repayment is due on the 15th of every month.,Repayment Terms
All balances carry a monthly interest of 1%.,Interest Rates
Interest is calculated daily at 0.05%.,Interest Rates
Repayment is due on the 15th of every month.,Repayment Terms
The deal ends after 12 months unless renewed.,Termination
The agreement is subject to New York laws.,Governing Law
The contract abides by US legal standards.,Governing Law
Late repayment incurs penalties.,Repayment Terms
Termination clause is applicable after one year.,Termination
All balances carry a monthly interest of 1%.,Interest Rates
Indian law governs this agreement.,Governing Law
Termination clause is applicable after one year.,Termination
Advance payments are allowed under this clause.,Repayment Terms
All information must be kept confidential.,Confidentiality
Any conflicts arising shall be handled legally.,Dispute Resolution
All dues must be cleared within 60 days.,Repayment Terms
Advance payments are allowed under this clause.,Repayment Terms
This contract is governed by the laws of India.,Governing Law
The rate of interest is defined in the annexure.,Interest Rates
The laws of the State shall apply.,Governing Law
The agreement may be terminated by mutual consent.,Termination
Interest shall accrue on unpaid amounts.,Interest Rates
Litigation is the method for dispute resolution.,Dispute Resolution
Penalty interest applies after due date.,Interest Rates
Contract expires at the end of term unless extended.,Termination
The contract is valid from the execution date.,Commencement
The agreement includes a confidentiality clause.,Confidentiality
Terms require quarterly payments.,Repayment Terms
The recipient shall not disclose any confidential data.,Confidentiality
Confidential data must not be shared externally.,Confidentiality
Interest shall accrue on unpaid amounts.,Interest Rates
The rate of interest is defined in the annexure.,Interest Rates
Disputes will be settled by mediation.,Dispute Resolution
Termination rights are reserved by the company.,Termination
No party shall leak confidential terms.,Confidentiality
All balances carry a monthly interest of 1%.,Interest Rates
"In case of a dispute, arbitration shall apply.",Dispute Resolution
The borrower agrees to pay the full amount within 30 days.,Repayment Terms
All disagreements must go to arbitration.,Dispute Resolution
The contract abides by US legal standards.,Governing Law
The rate of interest is defined in the annexure.,Interest Rates
The services will commence from the 1st of next month.,Commencement
Late repayment incurs penalties.,Repayment Terms
The interest rate shall be 5% annually.,Interest Rates
Interest shall be paid quarterly.,Interest Rates
This agreement becomes effective immediately upon execution.,Commencement
The agreement may be terminated by mutual consent.,Termination
The agreement includes a confidentiality clause.,Confidentiality
The deal ends after 12 months unless renewed.,Termination
Sensitive data should remain undisclosed.,Confidentiality
Termination is effective upon written notice.,Termination
Disputes will be settled by mediation.,Dispute Resolution
All disputes are subject to legal proceedings.,Dispute Resolution
Disputes will be settled by mediation.,Dispute Resolution
The obligations start from the date of this agreement.,Commencement
Termination is effective upon written notice.,Termination
Interest shall accrue on unpaid amounts.,Interest Rates
All information must be kept confidential.,Confidentiality
Governing law is the jurisdiction of the court.,Governing Law
The agreement is subject to New York laws.,Governing Law
Confidential data must not be shared externally.,Confidentiality
Interest is calculated daily at 0.05%.,Interest Rates
Breach of terms leads to contract termination.,Termination
Conflict resolution follows the contract terms.,Dispute Resolution
All disputes shall be resolved through arbitration.,Dispute Resolution
Penalty interest applies after due date.,Interest Rates
The recipient shall not disclose any confidential data.,Confidentiality
The recipient shall not disclose any confidential data.,Confidentiality
Contract expires at the end of term unless extended.,Termination
Late payments will incur a 3% interest.,Interest Rates
Conflict resolution follows the contract terms.,Dispute Resolution
All disputes shall be resolved through arbitration.,Dispute Resolution
Sensitive data should remain undisclosed.,Confidentiality
Advance payments are allowed under this clause.,Repayment Terms
This shall be construed under California laws.,Governing Law
The contract is valid from the execution date.,Commencement
Parties agree to commence obligations as of today.,Commencement
This document is interpreted under UK law.,Governing Law
The rate of interest is defined in the annexure.,Interest Rates
Breach of terms leads to contract termination.,Termination
Penalty interest applies after due date.,Interest Rates
Litigation is the method for dispute resolution.,Dispute Resolution
No party shall leak confidential terms.,Confidentiality
Advance payments are allowed under this clause.,Repayment Terms
The contract abides by US legal standards.,Governing Law
The contract is valid from the execution date.,Commencement
Confidentiality must be maintained throughout the term.,Confidentiality
The recipient shall not disclose any confidential data.,Confidentiality
"In case of a dispute, arbitration shall apply.",Dispute Resolution
Interest shall be paid quarterly.,Interest Rates
The laws of the State shall apply.,Governing Law
The interest rate shall be 5% annually.,Interest Rates
The borrower must adhere to the payment plan.,Repayment Terms
All balances carry a monthly interest of 1%.,Interest Rates
Confidential data must not be shared externally.,Confidentiality
Disputes will be settled by mediation.,Dispute Resolution
A fixed interest rate applies to all dues.,Interest Rates
The parties agree to maintain strict confidentiality.,Confidentiality
Repayment schedule is fixed and non-negotiable.,Repayment Terms
Either side can end the agreement anytime.,Termination
This agreement shall commence on the date of signing.,Commencement
The start date is defined as the agreement date.,Commencement
Resolution will be governed by arbitration rules.,Dispute Resolution
Contract expires at the end of term unless extended.,Termination
Either side can end the agreement anytime.,Termination
Confidentiality must be maintained throughout the term.,Confidentiality
Contract expires at the end of term unless extended.,Termination
The services will commence from the 1st of next month.,Commencement
This shall be construed under California laws.,Governing Law
Variable interest rates apply based on prime rate.,Interest Rates
The start date is defined as the agreement date.,Commencement
Interest shall accrue on unpaid amounts.,Interest Rates
Repayment is due on the 15th of every month.,Repayment Terms
Confidential data must not be shared externally.,Confidentiality
Interest shall be paid quarterly.,Interest Rates
All disagreements must go to arbitration.,Dispute Resolution
Repayment is due on the 15th of every month.,Repayment Terms
The contract abides by US legal standards.,Governing Law
Litigation is the method for dispute resolution.,Dispute Resolution
Payments must be made in monthly installments.,Repayment Terms
The contract abides by US legal standards.,Governing Law
Payments must be made in monthly installments.,Repayment Terms
Repayment schedule is fixed and non-negotiable.,Repayment Terms
Any issues shall be taken to a mediator.,Dispute Resolution
This agreement becomes effective immediately upon execution.,Commencement
The contract abides by US legal standards.,Governing Law
Terms require quarterly payments.,Repayment Terms
The interest rate shall be 5% annually.,Interest Rates
The deal ends after 12 months unless renewed.,Termination
The deal ends after 12 months unless renewed.,Termination
Interest shall be paid quarterly.,Interest Rates
The recipient shall not disclose any confidential data.,Confidentiality
Disputes will be settled by mediation.,Dispute Resolution
Either side can end the agreement anytime.,Termination
This agreement shall commence on the date of signing.,Commencement
The agreement is subject to New York laws.,Governing Law
Repayment schedule is fixed and non-negotiable.,Repayment Terms
The services will commence from the 1st of next month.,Commencement
The agreement includes a confidentiality clause.,Confidentiality
Termination is effective upon written notice.,Termination
Conflict resolution follows the contract terms.,Dispute Resolution
Interest is calculated daily at 0.05%.,Interest Rates
Sensitive data should remain undisclosed.,Confidentiality
All disagreements must go to arbitration.,Dispute Resolution
A fixed interest rate applies to all dues.,Interest Rates
Confidentiality must be maintained throughout the term.,Confidentiality
The contract will begin on the effective date.,Commencement
The recipient shall not disclose any confidential data.,Confidentiality
The contract will begin on the effective date.,Commencement
Termination clause is applicable after one year.,Termination
Termination rights are reserved by the company.,Termination
The agreement is subject to New York laws.,Governing Law
The agreement includes a confidentiality clause.,Confidentiality
All disagreements must go to arbitration.,Dispute Resolution
This shall be construed under California laws.,Governing Law
The obligations start from the date of this agreement.,Commencement
Advance payments are allowed under this clause.,Repayment Terms
The contract is valid from the execution date.,Commencement
All balances carry a monthly interest of 1%.,Interest Rates
Disputes will be settled by mediation.,Dispute Resolution
Late payments will incur a 3% interest.,Interest Rates
Parties agree to commence obligations as of today.,Commencement
Late payments will incur a 3% interest.,Interest Rates
The obligations start from the date of this agreement.,Commencement
All information must be kept confidential.,Confidentiality
"In case of a dispute, arbitration shall apply.",Dispute Resolution
The contract will begin on the effective date.,Commencement
The parties agree to maintain strict confidentiality.,Confidentiality
The commencement date is the date mentioned herein.,Commencement
Confidentiality must be maintained throughout the term.,Confidentiality
Repayment schedule is fixed and non-negotiable.,Repayment Terms
Variable interest rates apply based on prime rate.,Interest Rates
The agreement includes a confidentiality clause.,Confidentiality
Litigation is the method for dispute resolution.,Dispute Resolution
Disclosure of confidential information is prohibited.,Confidentiality
Interest shall be paid quarterly.,Interest Rates
The borrower agrees to pay the full amount within 30 days.,Repayment Terms
All information must be kept confidential.,Confidentiality
The recipient shall not disclose any confidential data.,Confidentiality
All dues must be cleared within 60 days.,Repayment Terms
Contract expires at the end of term unless extended.,Termination
Repayment is due on the 15th of every month.,Repayment Terms
Litigation is the method for dispute resolution.,Dispute Resolution
The services will commence from the 1st of next month.,Commencement
Legal jurisdiction is specified as Delhi.,Governing Law
Confidential data must not be shared externally.,Confidentiality
Resolution will be governed by arbitration rules.,Dispute Resolution
The parties agree to maintain strict confidentiality.,Confidentiality
The obligations start from the date of this agreement.,Commencement
All dues must be cleared within 60 days.,Repayment Terms
This agreement becomes effective immediately upon execution.,Commencement
The commencement date is the date mentioned herein.,Commencement
Conflict resolution follows the contract terms.,Dispute Resolution
Late payments will incur a 3% interest.,Interest Rates
The agreement is subject to New York laws.,Governing Law
This shall be construed under California laws.,Governing Law
Interest is calculated daily at 0.05%.,Interest Rates
Governing law is the jurisdiction of the court.,Governing Law
Disclosure of confidential information is prohibited.,Confidentiality
Parties agree to commence obligations as of today.,Commencement
The rate of interest is defined in the annexure.,Interest Rates
The agreement may be terminated by mutual consent.,Termination
Any conflicts arising shall be handled legally.,Dispute Resolution
Late payments will incur a 3% interest.,Interest Rates
Advance payments are allowed under this clause.,Repayment Terms
The contract is valid from the execution date.,Commencement
Parties must not share proprietary information.,Confidentiality
Termination is effective upon written notice.,Termination
Legal jurisdiction is specified as Delhi.,Governing Law
Disclosure of confidential information is prohibited.,Confidentiality
Either side can end the agreement anytime.,Termination
The loan shall be repaid in 12 equal parts.,Repayment Terms
Resolution will be governed by arbitration rules.,Dispute Resolution
Confidential data must not be shared externally.,Confidentiality
The contract will begin on the effective date.,Commencement
Legal jurisdiction is specified as Delhi.,Governing Law
Parties must not share proprietary information.,Confidentiality
Termination clause is applicable after one year.,Termination
Sensitive data should remain undisclosed.,Confidentiality
Termination clause is applicable after one year.,Termination
Penalty interest applies after due date.,Interest Rates
The loan shall be repaid in 12 equal parts.,Repayment Terms
Resolution will be governed by arbitration rules.,Dispute Resolution
All balances carry a monthly interest of 1%.,Interest Rates
All disputes shall be resolved through arbitration.,Dispute Resolution
Late payments will incur a 3% interest.,Interest Rates
The recipient shall not disclose any confidential data.,Confidentiality
The start date is defined as the agreement date.,Commencement
The laws of the State shall apply.,Governing Law
Interest shall accrue on unpaid amounts.,Interest Rates
Conflict resolution follows the contract terms.,Dispute Resolution
Terms require quarterly payments.,Repayment Terms
Payments must be made in monthly installments.,Repayment Terms
Termination rights are reserved by the company.,Termination
"In case of a dispute, arbitration shall apply.",Dispute Resolution
Termination is effective upon written notice.,Termination
Interest is calculated daily at 0.05%.,Interest Rates
Breach of terms leads to contract termination.,Termination
This contract is governed by the laws of India.,Governing Law
Breach of terms leads to contract termination.,Termination
All disagreements must go to arbitration.,Dispute Resolution
Termination clause is applicable after one year.,Termination
No party shall leak confidential terms.,Confidentiality
Disputes will be settled by mediation.,Dispute Resolution
Interest shall be paid quarterly.,Interest Rates
Termination rights are reserved by the company.,Termination
Contract expires at the end of term unless extended.,Termination
Interest shall be paid quarterly.,Interest Rates
The laws of the State shall apply.,Governing Law
All information must be kept confidential.,Confidentiality
The laws of the State shall apply.,Governing Law
All disputes shall be resolved through arbitration.,Dispute Resolution
The loan shall be repaid in 12 equal parts.,Repayment Terms
"In case of a dispute, arbitration shall apply.",Dispute Resolution
Legal jurisdiction is specified as Delhi.,Governing Law
Governing law is the jurisdiction of the court.,Governing Law
The services will commence from the 1st of next month.,Commencement
Indian law governs this agreement.,Governing Law
Parties must not share proprietary information.,Confidentiality
Legal jurisdiction is specified as Delhi.,Governing Law
Any conflicts arising shall be handled legally.,Dispute Resolution
This contract is governed by the laws of India.,Governing Law
Interest shall be paid quarterly.,Interest Rates
All clauses follow the law of England.,Governing Law
The contract is valid from the execution date.,Commencement
The borrower agrees to pay the full amount within 30 days.,Repayment Terms
Legal jurisdiction is specified as Delhi.,Governing Law
The commencement date is the date mentioned herein.,Commencement
Disclosure of confidential information is prohibited.,Confidentiality
Interest is calculated daily at 0.05%.,Interest Rates
Termination is effective upon written notice.,Termination
Any conflicts arising shall be handled legally.,Dispute Resolution
Interest shall be paid quarterly.,Interest Rates
Contract expires at the end of term unless extended.,Termination
This agreement shall commence on the date of signing.,Commencement
Payments must be made in monthly installments.,Repayment Terms
The agreement may be terminated by mutual consent.,Termination
This agreement becomes effective immediately upon execution.,Commencement
All information must be kept confidential.,Confidentiality
Terms require quarterly payments.,Repayment Terms
"In case of a dispute, arbitration shall apply.",Dispute Resolution
No party shall leak confidential terms.,Confidentiality
Termination is effective upon written notice.,Termination
Interest shall be paid quarterly.,Interest Rates
This agreement shall commence on the date of signing.,Commencement
All disputes shall be resolved through arbitration.,Dispute Resolution
The deal ends after 12 months unless renewed.,Termination
Interest shall accrue on unpaid amounts.,Interest Rates
Interest shall accrue on unpaid amounts.,Interest Rates
Interest shall be paid quarterly.,Interest Rates
The borrower agrees to pay the full amount within 30 days.,Repayment Terms
Resolution will be governed by arbitration rules.,Dispute Resolution
The agreement may be terminated by mutual consent.,Termination
This document is interpreted under UK law.,Governing Law
Any issues shall be taken to a mediator.,Dispute Resolution
Sensitive data should remain undisclosed.,Confidentiality
This shall be construed under California laws.,Governing Law
All information must be kept confidential.,Confidentiality
Breach of terms leads to contract termination.,Termination
A fixed interest rate applies to all dues.,Interest Rates
Indian law governs this agreement.,Governing Law
The loan shall be repaid in 12 equal parts.,Repayment Terms
The borrower agrees to pay the full amount within 30 days.,Repayment Terms
Payments must be made in monthly installments.,Repayment Terms
The contract is valid from the execution date.,Commencement
The loan shall be repaid in 12 equal parts.,Repayment Terms
Conflict resolution follows the contract terms.,Dispute Resolution
Payments must be made in monthly installments.,Repayment Terms
This document is interpreted under UK law.,Governing Law
Any issues shall be taken to a mediator.,Dispute Resolution
The contract will begin on the effective date.,Commencement
The interest rate shall be 5% annually.,Interest Rates
The start date is defined as the agreement date.,Commencement
Termination is effective upon written notice.,Termination
The contract is valid from the execution date.,Commencement
The borrower agrees to pay the full amount within 30 days.,Repayment Terms
Contract expires at the end of term unless extended.,Termination
The agreement is subject to New York laws.,Governing Law
This contract ends if conditions are violated.,Termination
Sensitive data should remain undisclosed.,Confidentiality
Advance payments are allowed under this clause.,Repayment Terms
Interest shall be paid quarterly.,Interest Rates
Payments must be made in monthly installments.,Repayment Terms
Terms require quarterly payments.,Repayment Terms
The contract abides by US legal standards.,Governing Law
The recipient shall not disclose any confidential data.,Confidentiality
The agreement includes a confidentiality clause.,Confidentiality
Late repayment incurs penalties.,Repayment Terms
Interest shall be paid quarterly.,Interest Rates
Payments must be made in monthly installments.,Repayment Terms
This document takes effect upon signing.,Commencement
The parties agree to maintain strict confidentiality.,Confidentiality
This shall be construed under California laws.,Governing Law
Disclosure of confidential information is prohibited.,Confidentiality
Disputes will be settled by mediation.,Dispute Resolution
Disputes will be settled by mediation.,Dispute Resolution
Litigation is the method for dispute resolution.,Dispute Resolution
The loan shall be repaid in 12 equal parts.,Repayment Terms
No party shall leak confidential terms.,Confidentiality
The agreement is subject to New York laws.,Governing Law
The recipient shall not disclose any confidential data.,Confidentiality
All balances carry a monthly interest of 1%.,Interest Rates
Termination rights are reserved by the company.,Termination
Resolution will be governed by arbitration rules.,Dispute Resolution
Either party can terminate with 30 days notice.,Termination
The borrower must adhere to the payment plan.,Repayment Terms
Either side can end the agreement anytime.,Termination
The interest rate shall be 5% annually.,Interest Rates
All information must be kept confidential.,Confidentiality
All disputes shall be resolved through arbitration.,Dispute Resolution
Advance payments are allowed under this clause.,Repayment Terms
The contract abides by US legal standards.,Governing Law
The agreement may be terminated by mutual consent.,Termination
Payments must be made in monthly installments.,Repayment Terms
The start date is defined as the agreement date.,Commencement
The recipient shall not disclose any confidential data.,Confidentiality
Repayment schedule is fixed and non-negotiable.,Repayment Terms
Sensitive data should remain undisclosed.,Confidentiality
The recipient shall not disclose any confidential data.,Confidentiality
The contract abides by US legal standards.,Governing Law
Late payments will incur a 3% interest.,Interest Rates
This contract is governed by the laws of India.,Governing Law
The agreement includes a confidentiality clause.,Confidentiality
This document takes effect upon signing.,Commencement
Repayment is due on the 15th of every month.,Repayment Terms
The agreement includes a confidentiality clause.,Confidentiality
Penalty interest applies after due date.,Interest Rates
Termination is effective upon written notice.,Termination
Disclosure of confidential information is prohibited.,Confidentiality
Repayment schedule is fixed and non-negotiable.,Repayment Terms
All disagreements must go to arbitration.,Dispute Resolution
No party shall leak confidential terms.,Confidentiality
The interest rate shall be 5% annually.,Interest Rates
Disclosure of confidential information is prohibited.,Confidentiality
The parties agree to maintain strict confidentiality.,Confidentiality
"In case of a dispute, arbitration shall apply.",Dispute Resolution
Either side can end the agreement anytime.,Termination
The contract abides by US legal standards.,Governing Law
Litigation is the method for dispute resolution.,Dispute Resolution
Either party can terminate with 30 days notice.,Termination
This document is interpreted under UK law.,Governing Law
Sensitive data should remain undisclosed.,Confidentiality
Termination rights are reserved by the company.,Termination
Either party can terminate with 30 days notice.,Termination
Contract expires at the end of term unless extended.,Termination
Parties agree to commence obligations as of today.,Commencement
This contract ends if conditions are violated.,Termination
Conflict resolution follows the contract terms.,Dispute Resolution
The agreement includes a confidentiality clause.,Confidentiality
All disputes shall be resolved through arbitration.,Dispute Resolution
The start date is defined as the agreement date.,Commencement
Variable interest rates apply based on prime rate.,Interest Rates
The services will commence from the 1st of next month.,Commencement
The contract abides by US legal standards.,Governing Law
All information must be kept confidential.,Confidentiality
All disagreements must go to arbitration.,Dispute Resolution
The rate of interest is defined in the annexure.,Interest Rates
The rate of interest is defined in the annexure.,Interest Rates
Parties agree to commence obligations as of today.,Commencement
The rate of interest is defined in the annexure.,Interest Rates
The agreement is subject to New York laws.,Governing Law
Terms require quarterly payments.,Repayment Terms
Advance payments are allowed under this clause.,Repayment Terms
The obligations start from the date of this agreement.,Commencement
This shall be construed under California laws.,Governing Law
The obligations start from the date of this agreement.,Commencement
Parties agree to commence obligations as of today.,Commencement
Late repayment incurs penalties.,Repayment Terms
Breach of terms leads to contract termination.,Termination
Repayment schedule is fixed and non-negotiable.,Repayment Terms
Advance payments are allowed under this clause.,Repayment Terms
Any conflicts arising shall be handled legally.,Dispute Resolution
The contract is valid from the execution date.,Commencement
All balances carry a monthly interest of 1%.,Interest Rates
The start date is defined as the agreement date.,Commencement
All balances carry a monthly interest of 1%.,Interest Rates
"In case of a dispute, arbitration shall apply.",Dispute Resolution
A fixed interest rate applies to all dues.,Interest Rates
Termination is effective upon written notice.,Termination
Interest is calculated daily at 0.05%.,Interest Rates
The laws of the State shall apply.,Governing Law
Interest shall accrue on unpaid amounts.,Interest Rates
The borrower must adhere to the payment plan.,Repayment Terms
Indian law governs this agreement.,Governing Law
The parties agree to maintain strict confidentiality.,Confidentiality
All disagreements must go to arbitration.,Dispute Resolution
All dues must be cleared within 60 days.,Repayment Terms
Confidentiality must be maintained throughout the term.,Confidentiality
All clauses follow the law of England.,Governing Law
The borrower must adhere to the payment plan.,Repayment Terms
The agreement includes a confidentiality clause.,Confidentiality
This agreement becomes effective immediately upon execution.,Commencement
Terms require quarterly payments.,Repayment Terms
All information must be kept confidential.,Confidentiality
Parties must not share proprietary information.,Confidentiality
"In case of a dispute, arbitration shall apply.",Dispute Resolution
Termination rights are reserved by the company.,Termination
The loan shall be repaid in 12 equal parts.,Repayment Terms
All disagreements must go to arbitration.,Dispute Resolution
The loan shall be repaid in 12 equal parts.,Repayment Terms
Governing law is the jurisdiction of the court.,Governing Law
The obligations start from the date of this agreement.,Commencement
This contract ends if conditions are violated.,Termination
Advance payments are allowed under this clause.,Repayment Terms
Advance payments are allowed under this clause.,Repayment Terms
"In case of a dispute, arbitration shall apply.",Dispute Resolution
The contract is valid from the execution date.,Commencement
The contract is valid from the execution date.,Commencement
Governing law is the jurisdiction of the court.,Governing Law
Parties must not share proprietary information.,Confidentiality
All information must be kept confidential.,Confidentiality
Payments must be made in monthly installments.,Repayment Terms
The deal ends after 12 months unless renewed.,Termination
All disagreements must go to arbitration.,Dispute Resolution
The contract abides by US legal standards.,Governing Law
All balances carry a monthly interest of 1%.,Interest Rates
The laws of the State shall apply.,Governing Law
This contract is governed by the laws of India.,Governing Law
The contract is valid from the execution date.,Commencement
All information must be kept confidential.,Confidentiality
The interest rate shall be 5% annually.,Interest Rates
The obligations start from the date of this agreement.,Commencement
The agreement may be terminated by mutual consent.,Termination
All disputes are subject to legal proceedings.,Dispute Resolution
The rate of interest is defined in the annexure.,Interest Rates
All dues must be cleared within 60 days.,Repayment Terms
The services will commence from the 1st of next month.,Commencement
"In case of a dispute, arbitration shall apply.",Dispute Resolution
All information must be kept confidential.,Confidentiality
The loan shall be repaid in 12 equal parts.,Repayment Terms
Any conflicts arising shall be handled legally.,Dispute Resolution
Payments must be made in monthly installments.,Repayment Terms
Repayment is due on the 15th of every month.,Repayment Terms
All disagreements must go to arbitration.,Dispute Resolution
The contract is valid from the execution date.,Commencement
Any conflicts arising shall be handled legally.,Dispute Resolution
Indian law governs this agreement.,Governing Law
All disagreements must go to arbitration.,Dispute Resolution
Parties must not share proprietary information.,Confidentiality
Penalty interest applies after due date.,Interest Rates
The services will commence from the 1st of next month.,Commencement
The borrower must adhere to the payment plan.,Repayment Terms
This document is interpreted under UK law.,Governing Law
The interest rate shall be 5% annually.,Interest Rates
Either party can terminate with 30 days notice.,Termination
Advance payments are allowed under this clause.,Repayment Terms
The agreement may be terminated by mutual consent.,Termination
The borrower must adhere to the payment plan.,Repayment Terms
All disputes are subject to legal proceedings.,Dispute Resolution
Variable interest rates apply based on prime rate.,Interest Rates
Legal jurisdiction is specified as Delhi.,Governing Law
Repayment is due on the 15th of every month.,Repayment Terms
Resolution will be governed by arbitration rules.,Dispute Resolution
The contract will begin on the effective date.,Commencement
Contract expires at the end of term unless extended.,Termination
Interest shall be paid quarterly.,Interest Rates
The obligations start from the date of this agreement.,Commencement
All disputes are subject to legal proceedings.,Dispute Resolution
All balances carry a monthly interest of 1%.,Interest Rates
All disagreements must go to arbitration.,Dispute Resolution
Confidentiality must be maintained throughout the term.,Confidentiality
All dues must be cleared within 60 days.,Repayment Terms
The contract is valid from the execution date.,Commencement
Interest is calculated daily at 0.05%.,Interest Rates
Conflict resolution follows the contract terms.,Dispute Resolution
Termination clause is applicable after one year.,Termination
Sensitive data should remain undisclosed.,Confidentiality
Confidentiality must be maintained throughout the term.,Confidentiality
A fixed interest rate applies to all dues.,Interest Rates
Confidentiality must be maintained throughout the term.,Confidentiality
Repayment schedule is fixed and non-negotiable.,Repayment Terms
Payments must be made in monthly installments.,Repayment Terms
Interest shall accrue on unpaid amounts.,Interest Rates
Late payments will incur a 3% interest.,Interest Rates
The laws of the State shall apply.,Governing Law
The laws of the State shall apply.,Governing Law
Termination rights are reserved by the company.,Termination
This contract is governed by the laws of India.,Governing Law
Conflict resolution follows the contract terms.,Dispute Resolution
All clauses follow the law of England.,Governing Law
Governing law is the jurisdiction of the court.,Governing Law
The laws of the State shall apply.,Governing Law
Confidentiality must be maintained throughout the term.,Confidentiality
The borrower must adhere to the payment plan.,Repayment Terms
Penalty interest applies after due date.,Interest Rates
Indian law governs this agreement.,Governing Law
Breach of terms leads to contract termination.,Termination
Late repayment incurs penalties.,Repayment Terms
No party shall leak confidential terms.,Confidentiality
The contract is valid from the execution date.,Commencement
This agreement shall commence on the date of signing.,Commencement
This document is interpreted under UK law.,Governing Law
This agreement becomes effective immediately upon execution.,Commencement
Any issues shall be taken to a mediator.,Dispute Resolution
Termination is effective upon written notice.,Termination
The start date is defined as the agreement date.,Commencement
The start date is defined as the agreement date.,Commencement
Termination rights are reserved by the company.,Termination
Conflict resolution follows the contract terms.,Dispute Resolution
All disputes shall be resolved through arbitration.,Dispute Resolution
The contract will begin on the effective date.,Commencement
Penalty interest applies after due date.,Interest Rates
This agreement becomes effective immediately upon execution.,Commencement
All clauses follow the law of England.,Governing Law
No party shall leak confidential terms.,Confidentiality
Any conflicts arising shall be handled legally.,Dispute Resolution
Contract expires at the end of term unless extended.,Termination
Termination rights are reserved by the company.,Termination
This contract ends if conditions are violated.,Termination
The rate of interest is defined in the annexure.,Interest Rates
The borrower agrees to pay the full amount within 30 days.,Repayment Terms
Litigation is the method for dispute resolution.,Dispute Resolution
Confidentiality must be maintained throughout the term.,Confidentiality
Confidentiality must be maintained throughout the term.,Confidentiality
The contract will begin on the effective date.,Commencement
Legal jurisdiction is specified as Delhi.,Governing Law
The borrower agrees to pay the full amount within 30 days.,Repayment Terms
Parties must not share proprietary information.,Confidentiality
The agreement is subject to New York laws.,Governing Law
This contract ends if conditions are violated.,Termination
This agreement shall commence on the date of signing.,Commencement
Disclosure of confidential information is prohibited.,Confidentiality
The contract will begin on the effective date.,Commencement
Variable interest rates apply based on prime rate.,Interest Rates
All dues must be cleared within 60 days.,Repayment Terms
This document is interpreted under UK law.,Governing Law
Governing law is the jurisdiction of the court.,Governing Law
This document takes effect upon signing.,Commencement
All disagreements must go to arbitration.,Dispute Resolution
The borrower agrees to pay the full amount within 30 days.,Repayment Terms
Termination clause is applicable after one year.,Termination
All balances carry a monthly interest of 1%.,Interest Rates
Late payments will incur a 3% interest.,Interest Rates
Disputes will be settled by mediation.,Dispute Resolution
Sensitive data should remain undisclosed.,Confidentiality
All balances carry a monthly interest of 1%.,Interest Rates
The commencement date is the date mentioned herein.,Commencement
Breach of terms leads to contract termination.,Termination
This document is interpreted under UK law.,Governing Law
All clauses follow the law of England.,Governing Law
The obligations start from the date of this agreement.,Commencement
Either side can end the agreement anytime.,Termination
This agreement shall commence on the date of signing.,Commencement
All clauses follow the law of England.,Governing Law
The agreement includes a confidentiality clause.,Confidentiality
Parties must not share proprietary information.,Confidentiality
This document takes effect upon signing.,Commencement
This shall be construed under California laws.,Governing Law
Termination rights are reserved by the company.,Termination
Repayment is due on the 15th of every month.,Repayment Terms
All disputes are subject to legal proceedings.,Dispute Resolution
No party shall leak confidential terms.,Confidentiality
The commencement date is the date mentioned herein.,Commencement
Conflict resolution follows the contract terms.,Dispute Resolution
Governing law is the jurisdiction of the court.,Governing Law
Disputes will be settled by mediation.,Dispute Resolution
Termination rights are reserved by the company.,Termination
Legal jurisdiction is specified as Delhi.,Governing Law
Legal jurisdiction is specified as Delhi.,Governing Law
This agreement becomes effective immediately upon execution.,Commencement
This document is interpreted under UK law.,Governing Law
Termination is effective upon written notice.,Termination
All disputes shall be resolved through arbitration.,Dispute Resolution
This contract is governed by the laws of India.,Governing Law
All dues must be cleared within 60 days.,Repayment Terms
Termination clause is applicable after one year.,Termination
The rate of interest is defined in the annexure.,Interest Rates
All disputes are subject to legal proceedings.,Dispute Resolution
Parties agree to commence obligations as of today.,Commencement
The contract is valid from the execution date.,Commencement
The obligations start from the date of this agreement.,Commencement
All balances carry a monthly interest of 1%.,Interest Rates
The loan shall be repaid in 12 equal parts.,Repayment Terms
All balances carry a monthly interest of 1%.,Interest Rates
Parties agree to commence obligations as of today.,Commencement
Advance payments are allowed under this clause.,Repayment Terms
Payments must be made in monthly installments.,Repayment Terms
All information must be kept confidential.,Confidentiality
Legal jurisdiction is specified as Delhi.,Governing Law
Parties agree to commence obligations as of today.,Commencement
The agreement may be terminated by mutual consent.,Termination
Litigation is the method for dispute resolution.,Dispute Resolution
Any conflicts arising shall be handled legally.,Dispute Resolution
Parties must not share proprietary information.,Confidentiality
Contract expires at the end of term unless extended.,Termination
Sensitive data should remain undisclosed.,Confidentiality
Parties agree to commence obligations as of today.,Commencement
Either party can terminate with 30 days notice.,Termination
Legal jurisdiction is specified as Delhi.,Governing Law
The obligations start from the date of this agreement.,Commencement
All disputes shall be resolved through arbitration.,Dispute Resolution
Interest shall be paid quarterly.,Interest Rates
Payments must be made in monthly installments.,Repayment Terms
The agreement may be terminated by mutual consent.,Termination
The contract will begin on the effective date.,Commencement
Advance payments are allowed under this clause.,Repayment Terms
The laws of the State shall apply.,Governing Law
All clauses follow the law of England.,Governing Law
The laws of the State shall apply.,Governing Law
This agreement becomes effective immediately upon execution.,Commencement
This agreement becomes effective immediately upon execution.,Commencement
All disputes are subject to legal proceedings.,Dispute Resolution
Any issues shall be taken to a mediator.,Dispute Resolution
This agreement shall commence on the date of signing.,Commencement
Either side can end the agreement anytime.,Termination
All disputes shall be resolved through arbitration.,Dispute Resolution
Interest shall accrue on unpaid amounts.,Interest Rates
The agreement may be terminated by mutual consent.,Termination
This document is interpreted under UK law.,Governing Law
Late repayment incurs penalties.,Repayment Terms
Disputes will be settled by mediation.,Dispute Resolution
Parties must not share proprietary information.,Confidentiality
Terms require quarterly payments.,Repayment Terms
The agreement includes a confidentiality clause.,Confidentiality
Termination rights are reserved by the company.,Termination
This agreement shall commence on the date of signing.,Commencement
The contract abides by US legal standards.,Governing Law
This agreement becomes effective immediately upon execution.,Commencement
The deal ends after 12 months unless renewed.,Termination
Indian law governs this agreement.,Governing Law
All dues must be cleared within 60 days.,Repayment Terms
The interest rate shall be 5% annually.,Interest Rates
This document takes effect upon signing.,Commencement
All disputes are subject to legal proceedings.,Dispute Resolution
Termination rights are reserved by the company.,Termination
This document takes effect upon signing.,Commencement
The agreement is subject to New York laws.,Governing Law
The agreement may be terminated by mutual consent.,Termination
Confidentiality must be maintained throughout the term.,Confidentiality
Interest shall accrue on unpaid amounts.,Interest Rates
Termination rights are reserved by the company.,Termination
Interest shall be paid quarterly.,Interest Rates
Sensitive data should remain undisclosed.,Confidentiality
The contract will begin on the effective date.,Commencement
All disputes shall be resolved through arbitration.,Dispute Resolution
This agreement becomes effective immediately upon execution.,Commencement
This document is interpreted under UK law.,Governing Law
Interest shall accrue on unpaid amounts.,Interest Rates
The agreement is subject to New York laws.,Governing Law
Any issues shall be taken to a mediator.,Dispute Resolution
Breach of terms leads to contract termination.,Termination
This agreement becomes effective immediately upon execution.,Commencement
This contract is governed by the laws of India.,Governing Law
This document takes effect upon signing.,Commencement
No party shall leak confidential terms.,Confidentiality
A fixed interest rate applies to all dues.,Interest Rates
Indian law governs this agreement.,Governing Law
Breach of terms leads to contract termination.,Termination
A fixed interest rate applies to all dues.,Interest Rates
This shall be construed under California laws.,Governing Law
The commencement date is the date mentioned herein.,Commencement
Interest is calculated daily at 0.05%.,Interest Rates
The recipient shall not disclose any confidential data.,Confidentiality
This document takes effect upon signing.,Commencement
Terms require quarterly payments.,Repayment Terms
This contract ends if conditions are violated.,Termination
Interest is calculated daily at 0.05%.,Interest Rates
Termination rights are reserved by the company.,Termination
The commencement date is the date mentioned herein.,Commencement
Advance payments are allowed under this clause.,Repayment Terms
Repayment is due on the 15th of every month.,Repayment Terms
The rate of interest is defined in the annexure.,Interest Rates
All disagreements must go to arbitration.,Dispute Resolution
The contract is valid from the execution date.,Commencement
Any conflicts arising shall be handled legally.,Dispute Resolution
The contract is valid from the execution date.,Commencement
The contract will begin on the effective date.,Commencement
The contract is valid from the execution date.,Commencement
The laws of the State shall apply.,Governing Law
Parties must not share proprietary information.,Confidentiality
Late payments will incur a 3% interest.,Interest Rates
Repayment schedule is fixed and non-negotiable.,Repayment Terms
All disagreements must go to arbitration.,Dispute Resolution
Resolution will be governed by arbitration rules.,Dispute Resolution
The obligations start from the date of this agreement.,Commencement
The loan shall be repaid in 12 equal parts.,Repayment Terms
Parties agree to commence obligations as of today.,Commencement
Confidential data must not be shared externally.,Confidentiality
Advance payments are allowed under this clause.,Repayment Terms
The borrower agrees to pay the full amount within 30 days.,Repayment Terms
Indian law governs this agreement.,Governing Law
The agreement includes a confidentiality clause.,Confidentiality
Repayment is due on the 15th of every month.,Repayment Terms
This shall be construed under California laws.,Governing Law
Litigation is the method for dispute resolution.,Dispute Resolution
The contract is valid from the execution date.,Commencement
Confidential data must not be shared externally.,Confidentiality
All disputes are subject to legal proceedings.,Dispute Resolution
All disputes are subject to legal proceedings.,Dispute Resolution
Repayment is due on the 15th of every month.,Repayment Terms
Disputes will be settled by mediation.,Dispute Resolution
Penalty interest applies after due date.,Interest Rates
The parties agree to maintain strict confidentiality.,Confidentiality
All balances carry a monthly interest of 1%.,Interest Rates
Terms require quarterly payments.,Repayment Terms
The obligations start from the date of this agreement.,Commencement
Advance payments are allowed under this clause.,Repayment Terms
Contract expires at the end of term unless extended.,Termination
This agreement becomes effective immediately upon execution.,Commencement
Interest shall be paid quarterly.,Interest Rates
Penalty interest applies after due date.,Interest Rates
The loan shall be repaid in 12 equal parts.,Repayment Terms
A fixed interest rate applies to all dues.,Interest Rates
Parties must not share proprietary information.,Confidentiality
The borrower must adhere to the payment plan.,Repayment Terms
Governing law is the jurisdiction of the court.,Governing Law
Resolution will be governed by arbitration rules.,Dispute Resolution
All disputes are subject to legal proceedings.,Dispute Resolution
The laws of the State shall apply.,Governing Law
The agreement may be terminated by mutual consent.,Termination
Sensitive data should remain undisclosed.,Confidentiality
Interest is calculated daily at 0.05%.,Interest Rates
This document takes effect upon signing.,Commencement
Disputes will be settled by mediation.,Dispute Resolution
Termination clause is applicable after one year.,Termination
Interest shall accrue on unpaid amounts.,Interest Rates
The commencement date is the date mentioned herein.,Commencement
Interest shall be paid quarterly.,Interest Rates
Confidentiality must be maintained throughout the term.,Confidentiality
The deal ends after 12 months unless renewed.,Termination
Any issues shall be taken to a mediator.,Dispute Resolution
This contract ends if conditions are violated.,Termination
The loan shall be repaid in 12 equal parts.,Repayment Terms
The deal ends after 12 months unless renewed.,Termination
The agreement may be terminated by mutual consent.,Termination
Repayment schedule is fixed and non-negotiable.,Repayment Terms
The start date is defined as the agreement date.,Commencement
All information must be kept confidential.,Confidentiality
Termination rights are reserved by the company.,Termination
The commencement date is the date mentioned herein.,Commencement
This contract is governed by the laws of India.,Governing Law
Either side can end the agreement anytime.,Termination
This document takes effect upon signing.,Commencement
This document is interpreted under UK law.,Governing Law
Any issues shall be taken to a mediator.,Dispute Resolution
Termination rights are reserved by the company.,Termination
Variable interest rates apply based on prime rate.,Interest Rates
The agreement is subject to New York laws.,Governing Law
